ligand_id,name,status,cid,formula,mw,smiles,seed_from,MW,logP,TPSA,HBD,HBA,RotB,QED,Ro5_viol,Veber_viol,PAINS,verdict
cand_2h13diazepin2one_hexahydro56,"2H-1,3-Diazepin-2-one, hexahydro-5,6-dihydroxy-1,3-bis(2-naphthalenylmethyl)-4,7-bis(phenylmethyl)-, (4R,5S,6S,7R)-",candidate,446153,C41H38N2O3,606.7,O=C1N(Cc2ccc3ccccc3c2)[C@H](Cc2ccccc2)[C@H](O)[C@@H](O)[C@@H](Cc2ccccc2)N1Cc1ccc2ccccc2c1,DMP-323,606.8,7.38,64.0,2,3,8,0.19,2,0,False,pass
cand_2h13diazepin2one_hexahydro56_2,"2H-1,3-Diazepin-2-one, hexahydro-5,6-dihydroxy-1,3-bis((3-(hydroxymethyl)phenyl)methyl)-4,7-bis(phenylmethyl)-, (4R,5S,6S,7R)-",candidate,462242,C35H38N2O5,566.7,O=C1N(Cc2cccc(CO)c2)[C@H](Cc2ccccc2)[C@H](O)[C@@H](O)[C@@H](Cc2ccccc2)N1Cc1cccc(CO)c1,DMP-323,566.7,4.05,104.5,4,5,10,0.232,1,0,False,pass
cand_4r5s6s7r47bis4fluorophenylme,"(4R,5S,6S,7R)-4,7-bis[(4-fluorophenyl)methyl]-5,6-dihydroxy-1,3-bis[[4-(hydroxymethyl)phenyl]methyl]-1,3-diazepan-2-one",candidate,462352,C35H36F2N2O5,602.7,O=C1N(Cc2ccc(CO)cc2)[C@H](Cc2ccc(F)cc2)[C@H](O)[C@@H](O)[C@@H](Cc2ccc(F)cc2)N1Cc1ccc(CO)cc1,DMP-323,602.7,4.33,104.5,4,5,10,0.216,1,0,False,pass
cand_4r5s6s7r56dihydroxy13bis4hyd,"(4R,5S,6S,7R)-5,6-dihydroxy-1,3-bis[[4-(hydroxymethyl)phenyl]methyl]-4,7-bis[(3-methoxyphenyl)methyl]-1,3-diazepan-2-one",candidate,462353,C37H42N2O7,626.7,COc1cccc(C[C@@H]2[C@H](O)[C@@H](O)[C@@H](Cc3cccc(OC)c3)N(Cc3ccc(CO)cc3)C(=O)N2Cc2ccc(CO)cc2)c1,DMP-323,626.8,4.07,122.9,4,7,12,0.187,1,1,False,pass
cand_4r5s6s7r47bis34difluoropheny,"(4R,5S,6S,7R)-4,7-bis[(3,4-difluorophenyl)methyl]-5,6-dihydroxy-1,3-bis[[4-(hydroxymethyl)phenyl]methyl]-1,3-diazepan-2-one",candidate,462354,C35H34F4N2O5,638.6,O=C1N(Cc2ccc(CO)cc2)[C@H](Cc2ccc(F)c(F)c2)[C@H](O)[C@@H](O)[C@@H](Cc2ccc(F)c(F)c2)N1Cc1ccc(CO)cc1,DMP-323,638.7,4.61,104.5,4,5,10,0.19,1,0,False,pass
cand_4r5s6s7r56dihydroxy13bis4hyd_2,"(4R,5S,6S,7R)-5,6-dihydroxy-1,3-bis({[4-(hydroxymethyl)phenyl]methyl})-4,7-bis[(4-methoxyphenyl)methyl]-1,3-diazepan-2-one",candidate,462356,C37H42N2O7,626.7,COc1ccc(C[C@@H]2[C@H](O)[C@@H](O)[C@@H](Cc3ccc(OC)cc3)N(Cc3ccc(CO)cc3)C(=O)N2Cc2ccc(CO)cc2)cc1,DMP-323,626.8,4.07,122.9,4,7,12,0.187,1,1,False,pass
cand_4r5s6s7r47dibenzyl56dihydrox,"(4R,5S,6S,7R)-4,7-dibenzyl-5,6-dihydroxy-1,3-bis[(3-iodophenyl)methyl]-1,3-diazepan-2-one",candidate,463363,C33H32I2N2O3,758.4,O=C1N(Cc2cccc(I)c2)[C@H](Cc2ccccc2)[C@H](O)[C@@H](O)[C@@H](Cc2ccccc2)N1Cc1cccc(I)c1,DMP-323,758.4,6.28,64.0,2,3,8,0.208,2,0,False,pass
cand_4r5s6s7r47dibenzyl56dihydrox_2,"(4R,5S,6S,7R)-4,7-dibenzyl-5,6-dihydroxy-1,3-bis[(4-hydroxyphenyl)methyl]-1,3-diazepan-2-one",candidate,463364,C33H34N2O5,538.6,O=C1N(Cc2ccc(O)cc2)[C@H](Cc2ccccc2)[C@H](O)[C@@H](O)[C@@H](Cc2ccccc2)N1Cc1ccc(O)cc1,DMP-323,538.6,4.48,104.5,4,5,8,0.265,1,0,False,pass
cand_4r5s6s7r47dibenzyl1butyl56di,"(4R,5S,6S,7R)-4,7-dibenzyl-1-butyl-5,6-dihydroxy-3-(naphthalen-2-ylmethyl)-1,3-diazepan-2-one",candidate,463365,C34H38N2O3,522.7,CCCCN1C(=O)N(Cc2ccc3ccccc3c2)[C@H](Cc2ccccc2)[C@H](O)[C@@H](O)[C@H]1Cc1ccccc1,DMP-323,522.7,5.82,64.0,2,3,9,0.291,2,0,False,pass
cand_4r5s6s7r47dibenzyl56dihydrox_3,"(4R,5S,6S,7R)-4,7-dibenzyl-5,6-dihydroxy-1,3-bis[(3-hydroxyphenyl)methyl]-1,3-diazepan-2-one",candidate,463366,C33H34N2O5,538.6,O=C1N(Cc2cccc(O)c2)[C@H](Cc2ccccc2)[C@H](O)[C@@H](O)[C@@H](Cc2ccccc2)N1Cc1cccc(O)c1,DMP-323,538.6,4.48,104.5,4,5,8,0.265,1,0,False,pass
cand_4r5s6s7r47dibenzyl56dihydrox_4,"(4R,5S,6S,7R)-4,7-dibenzyl-5,6-dihydroxy-1-[[4-(hydroxymethyl)phenyl]methyl]-3-(2-naphthylmethyl)-1,3-diazepan-2-one",candidate,463372,C38H38N2O4,586.7,O=C1N(Cc2ccc(CO)cc2)[C@H](Cc2ccccc2)[C@H](O)[C@@H](O)[C@@H](Cc2ccccc2)N1Cc1ccc2ccccc2c1,DMP-323,586.7,5.71,84.2,3,4,9,0.207,2,0,False,pass
cand_4r5s6s7rhexahydro56dihydroxy,"(4R,5S,6S,7R)-Hexahydro-5,6-dihydroxy-1-[(3-hydroxyphenyl)methyl]-3-(2-naphthylmethyl)-4,7-bis(phenylmethyl)-2H-1,3-diazepin-2-one",candidate,463375,C37H36N2O4,572.7,O=C1N(Cc2cccc(O)c2)[C@H](Cc2ccccc2)[C@H](O)[C@@H](O)[C@@H](Cc2ccccc2)N1Cc1ccc2ccccc2c1,DMP-323,572.7,5.93,84.2,3,4,8,0.215,2,0,False,pass
cand_4r5s6s7r47dibenzyl1cyclopent,"(4R,5S,6S,7R)-4,7-dibenzyl-1-cyclopentyl-5,6-dihydroxy-3-(naphthalen-2-ylmethyl)-1,3-diazepan-2-one",candidate,463377,C35H38N2O3,534.7,O=C1N(Cc2ccc3ccccc3c2)[C@H](Cc2ccccc2)[C@H](O)[C@@H](O)[C@@H](Cc2ccccc2)N1C1CCCC1,DMP-323,534.7,5.96,64.0,2,3,7,0.307,2,0,False,pass
cand_5r6r24bishydroxymethylbenzyl,"(5R,6R)-2,4-Bis[(hydroxymethyl)benzyl]-1,5-dibenzyl-6-hydroxy-3-oxo-1,2,4-triazacycloheptane",candidate,466598,C34H37N3O4,551.7,O=C1N(Cc2ccc(CO)cc2)[C@H](Cc2ccccc2)[C@H](O)CN(Cc2ccccc2)N1Cc1ccc(CO)cc1,DMP-323,551.7,4.5,87.5,3,5,10,0.27,1,0,False,pass
cand_benzamide_334r5r6rdihydro5hy,"Benzamide, 3,3'-(((4R,5R,6R)-dihydro-5-hydroxy-2-oxo-4-(2-phenylethyl)-6-(phenylmethyl)-1,3(2H,4H)-pyrimidinediyl)bis(methylene))bis(6-fluoro-",candidate,466977,C35H38N2O4,550.7,O=C1N(Cc2cccc(CO)c2)[C@H](CCc2ccccc2)[C@@H](O)[C@@H](Cc2ccccc2)N1Cc1cccc(CO)c1,DMP-323,550.7,5.08,84.2,3,4,11,0.243,2,1,False,pass
cand_2h13diazepin2one_hexahydro56_3,"2H-1,3-Diazepin-2-one, hexahydro-5,6-dihydroxy-1,3,4,7-tetrakis(phenylmethyl)-, (4R,5S,6S,7R)-",candidate,462313,C33H34N2O3,506.6,O=C1N(Cc2ccccc2)[C@H](Cc2ccccc2)[C@H](O)[C@@H](O)[C@@H](Cc2ccccc2)N1Cc1ccccc1,DMP-323,506.6,5.07,64.0,2,3,8,0.351,2,0,False,pass
cand_4r5s6s7r13dibenzyl56dihydrox,"(4R,5S,6S,7R)-1,3-dibenzyl-5,6-dihydroxy-4,7-diphenethyl-1,3-diazepan-2-one",candidate,462321,C35H38N2O3,534.7,O=C1N(Cc2ccccc2)[C@H](CCc2ccccc2)[C@H](O)[C@@H](O)[C@@H](CCc2ccccc2)N1Cc1ccccc1,DMP-323,534.7,5.85,64.0,2,3,10,0.268,2,0,False,pass
cand_4r5s6s7r13dibenzyl56dihydrox_2,"(4R,5S,6S,7R)-1,3-dibenzyl-5,6-dihydroxy-4,7-bis[(4-hydroxyphenyl)methyl]-1,3-diazepan-2-one",candidate,462331,C33H34N2O5,538.6,O=C1N(Cc2ccccc2)[C@H](Cc2ccc(O)cc2)[C@H](O)[C@@H](O)[C@@H](Cc2ccc(O)cc2)N1Cc1ccccc1,DMP-323,538.6,4.48,104.5,4,5,8,0.265,1,0,False,pass
cand_4r5s6s7r47dibenzyl13bis3fluo,"(4R,5S,6S,7R)-4,7-dibenzyl-1,3-bis[(3-fluorophenyl)methyl]-5,6-dihydroxy-1,3-diazepan-2-one",candidate,463338,C33H32F2N2O3,542.6,O=C1N(Cc2cccc(F)c2)[C@H](Cc2ccccc2)[C@H](O)[C@@H](O)[C@@H](Cc2ccccc2)N1Cc1cccc(F)c1,DMP-323,542.6,5.35,64.0,2,3,8,0.316,2,0,False,pass
cand_4r5s6s7r47dibenzyl1cycloprop,"(4R,5S,6S,7R)-4,7-dibenzyl-1-(cyclopropylmethyl)-5,6-dihydroxy-3-(naphthalen-2-ylmethyl)-1,3-diazepan-2-one",candidate,463367,C34H36N2O3,520.7,O=C1N(Cc2ccc3ccccc3c2)[C@H](Cc2ccccc2)[C@H](O)[C@@H](O)[C@@H](Cc2ccccc2)N1CC1CC1,DMP-323,520.7,5.43,64.0,2,3,8,0.326,2,0,False,pass
cand_4r5s6s7r47dibenzyl56dihydrox_5,"(4R,5S,6S,7R)-4,7-dibenzyl-5,6-dihydroxy-1,3-bis(naphthalen-1-ylmethyl)-1,3-diazepan-2-one",candidate,456616,C41H38N2O3,606.7,O=C1N(Cc2cccc3ccccc23)[C@H](Cc2ccccc2)[C@H](O)[C@@H](O)[C@@H](Cc2ccccc2)N1Cc1cccc2ccccc12,DMP-323,606.8,7.38,64.0,2,3,8,0.19,2,0,False,pass
cand_4r5s6s7r47dibenzyl56dihydrox_6,"(4R,5S,6S,7R)-4,7-dibenzyl-5,6-dihydroxy-1,3-bis[(3-methoxyphenyl)methyl]-1,3-diazepan-2-one",candidate,461650,C35H38N2O5,566.7,COc1cccc(CN2C(=O)N(Cc3cccc(OC)c3)[C@H](Cc3ccccc3)[C@H](O)[C@@H](O)[C@H]2Cc2ccccc2)c1,DMP-323,566.7,5.09,82.5,2,5,10,0.28,2,0,False,pass
cand_4r5s6s7r13dibenzyl56dihydrox_3,"(4R,5S,6S,7R)-1,3-dibenzyl-5,6-dihydroxy-4,7-bis({[4-(propan-2-yl)phenyl]methyl})-1,3-diazepan-2-one",candidate,462315,C39H46N2O3,590.8,CC(C)c1ccc(C[C@@H]2[C@H](O)[C@@H](O)[C@@H](Cc3ccc(C(C)C)cc3)N(Cc3ccccc3)C(=O)N2Cc2ccccc2)cc1,DMP-323,590.8,7.32,64.0,2,3,10,0.204,2,0,False,pass
cand_4r5s6s7r13dibenzyl47biscyclo,"(4R,5S,6S,7R)-1,3-dibenzyl-4,7-bis(cyclohexylmethyl)-5,6-dihydroxy-1,3-diazepan-2-one",candidate,462320,C33H46N2O3,518.7,O=C1N(Cc2ccccc2)[C@H](CC2CCCCC2)[C@H](O)[C@@H](O)[C@@H](CC2CCCCC2)N1Cc1ccccc1,DMP-323,518.7,6.52,64.0,2,3,8,0.418,2,0,False,pass
cand_2h13diazepin2one_hexahydro56_4,"2H-1,3-Diazepin-2-one, hexahydro-5,6-dihydroxy-4,7-bis(2-naphthalenylmethyl)-1,3-bis(phenylmethyl)-, (4R,5S,6S,7R)-",candidate,462322,C41H38N2O3,606.7,O=C1N(Cc2ccccc2)[C@H](Cc2ccc3ccccc3c2)[C@H](O)[C@@H](O)[C@@H](Cc2ccc3ccccc3c2)N1Cc1ccccc1,DMP-323,606.8,7.38,64.0,2,3,8,0.19,2,0,False,pass
cand_4r5s6s7r13dibenzyl56dihydrox_4,"(4R,5S,6S,7R)-1,3-dibenzyl-5,6-dihydroxy-4,7-bis[(2-hydroxyphenyl)methyl]-1,3-diazepan-2-one",candidate,462328,C33H34N2O5,538.6,O=C1N(Cc2ccccc2)[C@H](Cc2ccccc2O)[C@H](O)[C@@H](O)[C@@H](Cc2ccccc2O)N1Cc1ccccc1,DMP-323,538.6,4.48,104.5,4,5,8,0.265,1,0,False,pass
cand_4r5s6s7r13dibenzyl56dihydrox_5,"(4R,5S,6S,7R)-1,3-dibenzyl-5,6-dihydroxy-4,7-bis[(4-methoxyphenyl)methyl]-1,3-diazepan-2-one",candidate,462330,C35H38N2O5,566.7,COc1ccc(C[C@@H]2[C@H](O)[C@@H](O)[C@@H](Cc3ccc(OC)cc3)N(Cc3ccccc3)C(=O)N2Cc2ccccc2)cc1,DMP-323,566.7,5.09,82.5,2,5,10,0.28,2,0,False,pass
cand_4r5s6s7r47biscyclohexylmethy,"(4R,5S,6S,7R)-4,7-bis(cyclohexylmethyl)-5,6-dihydroxy-1,3-bis({[4-(hydroxymethyl)phenyl]methyl})-1,3-diazepan-2-one",candidate,462351,C35H50N2O5,578.8,O=C1N(Cc2ccc(CO)cc2)[C@H](CC2CCCCC2)[C@H](O)[C@@H](O)[C@@H](CC2CCCCC2)N1Cc1ccc(CO)cc1,DMP-323,578.8,5.51,104.5,4,5,10,0.298,2,0,False,pass
cand_4r5s6s7r56dihydroxy13bis4hyd_3,"(4R,5S,6S,7R)-5,6-dihydroxy-1,3-bis({[4-(hydroxymethyl)phenyl]methyl})-4,7-bis(2-methylpropyl)-1,3-diazepan-2-one",candidate,462357,C29H42N2O5,498.7,CC(C)C[C@@H]1[C@H](O)[C@@H](O)[C@@H](CC(C)C)N(Cc2ccc(CO)cc2)C(=O)N1Cc1ccc(CO)cc1,DMP-323,498.7,3.66,104.5,4,5,10,0.4,0,0,False,pass
cand_5cyanon31s12r4hydroxy6oxo2ph,5-cyano-N-[3-[(1S)-1-[(2R)-4-hydroxy-6-oxo-2-phenethyl-2-propyl-3H-pyran-5-yl]propyl]phenyl]pyridine-2-sulfonamide,candidate,54682811,C31H33N3O5S,559.7,CCC[C@@]1(CCc2ccccc2)CC(O)=C([C@@H](CC)c2cccc(NS(=O)(=O)c3ccc(C#N)cn3)c2)C(=O)O1,Tipranavir,559.7,6.18,129.4,2,7,11,0.268,2,1,False,pass
cand_sulfonamidesubstituted_cyclo,Sulfonamide-Substituted Cyclooctylpyranone deriv. 37e,candidate,54688970,C27H27N3O5S,505.6,N#Cc1ccc(S(=O)(=O)Nc2cccc(C(c3c(O)c4c(oc3=O)CCCCCC4)C3CC3)c2)nc1,Tipranavir,505.6,4.61,133.3,2,7,6,0.499,1,0,False,pass
cand_2pyridinesulfonamide_n46s56d,"2-Pyridinesulfonamide, N-(4-(((6S)-5,6-dihydro-4-hydroxy-6-(1-methylethyl)-2-oxo-6-(2-phenylethyl)-2H-pyran-3-yl)thio)-5-(1,1-dimethylethyl)-2-methylphenyl)-5-(trifluoromethyl)-",candidate,54688099,C33H37F3N2O5S2,662.8,Cc1cc(SC2=C(O)C[C@@](CCc3ccccc3)(C(C)C)OC2=O)c(C(C)(C)C)cc1NS(=O)(=O)c1ccc(C(F)(F)F)cn1,Tipranavir,662.8,8.34,105.6,2,7,9,0.222,2,0,False,pass
cand_n314hydroxy6oxo2phenethyl2pr,N-[3-[1-(4-hydroxy-6-oxo-2-phenethyl-2-propyl-3H-pyran-5-yl)propyl]phenyl]quinoline-8-sulfonamide,candidate,54688872,C34H36N2O5S,584.7,CCCC1(CCc2ccccc2)CC(O)=C(C(CC)c2cccc(NS(=O)(=O)c3cccc4cccnc34)c2)C(=O)O1,Tipranavir,584.7,7.46,105.6,2,6,11,0.177,2,1,False,pass
cand_n3cyclopropyl4hydroxy2oxo61p,N-(3-{cyclopropyl[4-hydroxy-2-oxo-6-(1-phenylbutan-2-yl)-2H-pyran-3-yl]methyl}phenyl)pyridine-3-sulfonamide,candidate,54688930,C30H30N2O5S,530.6,CCC(Cc1ccccc1)c1cc(O)c(C(c2cccc(NS(=O)(=O)c3cccnc3)c2)C2CC2)c(=O)o1,Tipranavir,530.6,5.82,109.5,2,6,10,0.267,2,0,False,pass
cand_5cyanon314hydroxy2oxo62pheny,"5-cyano-N-(3-{1-[4-hydroxy-2-oxo-6-(2-phenylethyl)-6-propyl-5,6-dihydro-2H-pyran-3-yl]propyl}phenyl)pyridine-2-sulfonamide",candidate,53731093,C31H33N3O5S,559.7,CCCC1(CCc2ccccc2)CC(=O)C(C(CC)c2cccc(NS(=O)(=O)c3ccc(C#N)cn3)c2)C(=O)O1,Tipranavir,559.7,5.55,126.2,1,7,11,0.241,2,1,False,pass
cand_5cyanon314hydroxy2oxo4a56788,"5-cyano-N-[3-[1-(4-hydroxy-2-oxo-4a,5,6,7,8,8a-hexahydrochromen-3-yl)propyl]phenyl]pyridine-2-sulfonamide",candidate,54685540,C24H25N3O5S,467.5,CCC(C1=C(O)C2CCCCC2OC1=O)c1cccc(NS(=O)(=O)c2ccc(C#N)cn2)c1,Tipranavir,467.5,4.18,129.4,2,7,6,0.61,0,0,False,pass
cand_5aminon314hydroxy6oxo2phenet,"5-amino-N-[3-[1-(4-hydroxy-6-oxo-2-phenethyl-2-propyl-3H-pyran-5-yl)-2,2-dimethyl-propyl]phenyl]pyridine-2-sulfonamide",candidate,54688907,C32H39N3O5S,577.7,CCCC1(CCc2ccccc2)CC(O)=C(C(c2cccc(NS(=O)(=O)c3ccc(N)cn3)c2)C(C)(C)C)C(=O)O1,Tipranavir,577.7,6.53,131.6,3,7,10,0.234,2,0,False,pass
cand_n3cyclopropyl4hydroxy2oxo567,"N-[3-[cyclopropyl-(4-hydroxy-2-oxo-5,6,7,8,9,10-hexahydrocycloocta[b]pyran-3-yl)methyl]phenyl]pyridine-2-sulfonamide",candidate,54691125,C26H28N2O5S,480.6,O=c1oc2c(c(O)c1C(c1cccc(NS(=O)(=O)c3ccccn3)c1)C1CC1)CCCCCC2,Tipranavir,480.6,4.74,109.5,2,6,6,0.527,0,0,False,pass
cand_5cyanon31235cyano2pyridylsul,5-cyano-N-[3-[1-[2-[3-[(5-cyano-2-pyridyl)sulfonylamino]phenyl]-2-ethyl-4-hydroxy-6-oxo-3H-pyran-5-yl]propyl]phenyl]pyridine-2-sulfonamide,candidate,54711581,C34H30N6O7S2,698.8,CCC(C1=C(O)CC(CC)(c2cccc(NS(=O)(=O)c3ccc(C#N)cn3)c2)OC1=O)c1cccc(NS(=O)(=O)c2ccc(C#N)cn2)c1,Tipranavir,698.8,5.38,212.2,3,11,11,0.169,3,2,False,pass
cand_n3156dihydro4hydroxy2oxo6phe,"N-(3-[1-(5,6-Dihydro-4-hydroxy-2-oxo-6-phenethyl-6-propyl-2H-pyran-3-yl)-2,2-dimethylpropyl]phenyl)-5-trifluoromethyl-2-pyridinesulfonamide",candidate,54451550,C33H37F3N2O5S,630.7,CCCC1(CCc2ccccc2)CC(=O)C(C(c2cccc(NS(=O)(=O)c3ccc(C(F)(F)F)cn3)c2)C(C)(C)C)C(=O)O1,Tipranavir,630.7,7.33,102.4,1,6,10,0.186,2,0,False,pass
cand_2pyridinesulfonamide_n456dih,"(+-)-2-Pyridinesulfonamide, N-(4-((5,6-dihydro-4-hydroxy-6-(1-methylethyl)-2-oxo-6-(2-phenylethyl)-2H-pyran-3-yl)thio)-5-(1,1-dimethylethyl)-2-methylphenyl)-",candidate,54682814,C32H38N2O5S2,594.8,Cc1cc(SC2=C(O)CC(CCc3ccccc3)(C(C)C)OC2=O)c(C(C)(C)C)cc1NS(=O)(=O)c1ccccn1,Tipranavir,594.8,7.32,105.6,2,7,9,0.25,2,0,False,pass
cand_sulfonamidesubstituted_cyclo_2,Sulfonamide-Substituted Cyclooctylpyranone deriv. 47a,candidate,54685792,C30H32N2O5S,532.7,CCCC(c1cccc(NS(=O)(=O)c2cccc3cccnc23)c1)c1c(O)c2c(oc1=O)CCCCCC2,Tipranavir,532.7,6.29,109.5,2,6,7,0.29,2,0,False,pass
cand_sulfonamidesubstituted_cyclo_3,Sulfonamide-Substituted Cyclooctylpyranone deriv. 47b,candidate,54688981,C30H32N2O5S,532.7,CC(C)C(c1cccc(NS(=O)(=O)c2cccc3cccnc23)c1)c1c(O)c2c(oc1=O)CCCCCC2,Tipranavir,532.7,6.14,109.5,2,6,6,0.309,2,0,False,pass
cand_sulfonamidesubstituted_cyclo_4,Sulfonamide-Substituted Cyclooctylpyranone deriv. 47c,candidate,54688982,C31H34N2O5S,546.7,CC(C)CC(c1cccc(NS(=O)(=O)c2cccc3cccnc23)c1)c1c(O)c2c(oc1=O)CCCCCC2,Tipranavir,546.7,6.53,109.5,2,6,7,0.273,2,0,False,pass
cand_5cyanon314hydroxy2oxo67dihyd,"5-cyano-N-[3-[1-(4-hydroxy-2-oxo-6,7-dihydro-5H-cyclopenta[b]pyran-3-yl)propyl]phenyl]pyridine-2-sulfonamide",candidate,54691085,C23H21N3O5S,451.5,CCC(c1cccc(NS(=O)(=O)c2ccc(C#N)cn2)c1)c1c(O)c2c(oc1=O)CCC2,Tipranavir,451.5,3.44,133.3,2,7,6,0.586,0,0,False,pass
cand_n314hydroxy6oxo2phenethyl2pr_2,"N-[3-[1-(4-hydroxy-6-oxo-2-phenethyl-2-propyl-1,3-dioxin-5-yl)propyl]phenyl]pyridine-2-sulfonamide",candidate,482739,C29H32N2O6S,536.6,CCCC1(CCc2ccccc2)OC(=O)C(C(CC)c2cccc(NS(=O)(=O)c3ccccn3)c2)=C(O)O1,Tipranavir,536.7,5.85,114.8,2,7,11,0.296,2,1,False,pass
cand_cid_9830191,CID 9830191,candidate,9830191,C31H33F3N2O5S,602.7,CCC[C@@]1(CCc2ccccc2)CC(=O)C([C@H](CC)c2cccc(NS(=O)(=O)c3ccc(C(F)(F)F)cn3)c2)C(=O)O1,Tipranavir,602.7,6.7,102.4,1,6,11,0.194,2,1,False,pass
cand_carbamic_acid_1s2r313benzodi,"Carbamic acid, [(1S,2R)-3-[(1,3-benzodioxol-5-ylsulfonyl)(2-methylpropyl)amino]-2-hydroxy-1-[[4-[2-(2-thienyl)ethoxy]phenyl]methyl]propyl]-, (3R,3aS,6aR)-hexahydrofuro[2,3-b]furan-3-yl ester",candidate,5743188,C34H42N2O10S2,702.8,CC(C)CN(C[C@@H](O)[C@H](Cc1ccc(OCCc2cccs2)cc1)NC(=O)O[C@H]1CO[C@H]2OCC[C@H]21)S(=O)(=O)c1ccc2c(c1)OCO2,Brecanavir,702.8,4.2,142.1,2,11,15,0.237,2,2,False,pass
cand_carbamic_acid_1s2r313benzodi_2,"Carbamic acid, [(1S,2R)-3-[(1,3-benzodioxol-5-ylsulfonyl)(2-methylpropyl)amino]-2-hydroxy-1-[[4-(2-thiazolylmethoxy)phenyl]methyl]propyl]-, (3R,3aS,6aR)-hexahydrofuro[2,3-b]furan-3-yl ester",candidate,15956069,C32H39N3O10S2,689.8,CC(C)CN(C[C@@H](O)[C@H](Cc1ccc(OCc2nccs2)cc1)NC(=O)O[C@H]1CO[C@H]2OCC[C@H]21)S(=O)(=O)c1ccc2c(c1)OCO2,Brecanavir,689.8,3.56,155.0,2,12,14,0.255,2,2,False,pass
cand_carbamic_acid_1s2r313benzodi_3,"Carbamic acid, [(1S,2R)-3-[(1,3-benzodioxol-5-ylsulfonyl)(2-methylpropyl)amino]-2-hydroxy-1-[[4-(4-thiazolylmethoxy)phenyl]methyl]propyl]-, (3R,3aS,6aR)-hexahydrofuro[2,3-b]furan-3-yl ester",candidate,15956071,C32H39N3O10S2,689.8,CC(C)CN(C[C@@H](O)[C@H](Cc1ccc(OCc2cscn2)cc1)NC(=O)O[C@H]1CO[C@H]2OCC[C@H]21)S(=O)(=O)c1ccc2c(c1)OCO2,Brecanavir,689.8,3.56,155.0,2,12,14,0.255,2,2,False,pass
cand_carbamic_acid_1s2r313benzodi_4,"Carbamic acid, [(1S,2R)-3-[(1,3-benzodioxol-5-ylsulfonyl)(2-methylpropyl)amino]-2-hydroxy-1-[[4-[2-(3-thienyl)ethoxy]phenyl]methyl]propyl]-, (3R,3aS,6aR)-hexahydrofuro[2,3-b]furan-3-yl ester",candidate,15956064,C34H42N2O10S2,702.8,CC(C)CN(C[C@@H](O)[C@H](Cc1ccc(OCCc2ccsc2)cc1)NC(=O)O[C@H]1CO[C@H]2OCC[C@H]21)S(=O)(=O)c1ccc2c(c1)OCO2,Brecanavir,702.8,4.2,142.1,2,11,15,0.237,2,2,False,pass
cand_carbamic_acid_1s2r313benzodi_5,"Carbamic acid, [(1S,2R)-3-[(1,3-benzodioxol-5-ylsulfonyl)(2-methylpropyl)amino]-2-hydroxy-1-[[4-(5-thiazolylmethoxy)phenyl]methyl]propyl]-, (3R,3aS,6aR)-hexahydrofuro[2,3-b]furan-3-yl ester",candidate,15956070,C32H39N3O10S2,689.8,CC(C)CN(C[C@@H](O)[C@H](Cc1ccc(OCc2cncs2)cc1)NC(=O)O[C@H]1CO[C@H]2OCC[C@H]21)S(=O)(=O)c1ccc2c(c1)OCO2,Brecanavir,689.8,3.56,155.0,2,12,14,0.255,2,2,False,pass
cand_22r3s33as4r6ar233a456ahexahy,"[2-[(2R,3S)-3-[[(3aS,4R,6aR)-2,3,3a,4,5,6a-hexahydrofuro[2,3-b]furan-4-yl]oxycarbonylamino]-1-[1,3-benzodioxol-5-ylsulfonyl(2-methylpropyl)amino]-4-[4-[(2-methyl-1,3-thiazol-4-yl)methoxy]phenyl]butan-2-yl]oxy-2-oxoethyl] 2-morpholin-4-ylacetate",candidate,11700735,C41H52N4O14S2,889.0,Cc1nc(COc2ccc(C[C@H](NC(=O)O[C@H]3CO[C@H]4OCC[C@H]43)[C@@H](CN(CC(C)C)S(=O)(=O)c3ccc4c(c3)OCO4)OC(=O)COC(=O)CN3CCOCC3)cc2)cs1,Brecanavir,889.0,3.29,199.8,1,17,19,0.136,2,2,False,pass
cand_21r2s23r3as6arhexahydrofuro2,"2-[((1R,2S)-2-({[(3R,3aS,6aR)-hexahydrofuro[2,3-b]furan-3-yloxy]carbonyl}amino)-1-{[(1,3-benzodioxol-5-ylsulfonyl)(isobutyl)amino]methyl}-3-{4-[(2-methyl-1,3-thiazol-4-yl)methoxy]phenyl}propyl)oxy]-2-oxoethyl N-(2-methoxyethyl)-N-methylglycinate",candidate,25172237,C41H54N4O14S2,891.0,COCCN(C)CC(=O)OCC(=O)O[C@H](CN(CC(C)C)S(=O)(=O)c1ccc2c(c1)OCO2)[C@H](Cc1ccc(OCc2csc(C)n2)cc1)NC(=O)O[C@H]1CO[C@H]2OCC[C@H]21,Brecanavir,891.0,3.54,199.8,1,17,22,0.113,2,2,False,pass
cand_22r3s33as4r6ar233a456ahexahy_2,"[2-[(2R,3S)-3-[[(3aS,4R,6aR)-2,3,3a,4,5,6a-hexahydrofuro[2,3-b]furan-4-yl]oxycarbonylamino]-1-[1,3-benzodioxol-5-ylsulfonyl(2-methylpropyl)amino]-4-[4-[(2-methyl-1,3-thiazol-4-yl)methoxy]phenyl]butan-2-yl]oxy-2-oxoethyl] 2-(diethylamino)acetate",candidate,25172441,C41H54N4O13S2,875.0,CCN(CC)CC(=O)OCC(=O)O[C@H](CN(CC(C)C)S(=O)(=O)c1ccc2c(c1)OCO2)[C@H](Cc1ccc(OCc2csc(C)n2)cc1)NC(=O)O[C@H]1CO[C@H]2OCC[C@H]21,Brecanavir,875.0,4.3,190.6,1,16,21,0.118,2,2,False,pass
cand_22r3s33as4r6ar233a456ahexahy_3,"[2-[(2R,3S)-3-[[(3aS,4R,6aR)-2,3,3a,4,5,6a-hexahydrofuro[2,3-b]furan-4-yl]oxycarbonylamino]-1-[1,3-benzodioxol-5-ylsulfonyl(2-methylpropyl)amino]-4-[4-[(2-methyl-1,3-thiazol-4-yl)methoxy]phenyl]butan-2-yl]oxy-2-oxoethyl] 2-[bis(2-methoxyethyl)amino]acetate",candidate,25172442,C43H58N4O15S2,935.1,COCCN(CCOC)CC(=O)OCC(=O)O[C@H](CN(CC(C)C)S(=O)(=O)c1ccc2c(c1)OCO2)[C@H](Cc1ccc(OCc2csc(C)n2)cc1)NC(=O)O[C@H]1CO[C@H]2OCC[C@H]21,Brecanavir,935.1,3.55,209.0,1,18,25,0.095,2,2,False,drop:size(MW=935.1)
cand_22r3s33as4r6ar233a456ahexahy_4,"[2-[(2R,3S)-3-[[(3aS,4R,6aR)-2,3,3a,4,5,6a-hexahydrofuro[2,3-b]furan-4-yl]oxycarbonylamino]-1-[1,3-benzodioxol-5-ylsulfonyl(2-methylpropyl)amino]-4-[4-[(2-methyl-1,3-thiazol-4-yl)methoxy]phenyl]butan-2-yl]oxy-2-oxoethyl] (2S)-2,6-diaminohexanoate",candidate,25173024,C41H55N5O13S2,890.0,Cc1nc(COc2ccc(C[C@H](NC(=O)O[C@H]3CO[C@H]4OCC[C@H]43)[C@@H](CN(CC(C)C)S(=O)(=O)c3ccc4c(c3)OCO4)OC(=O)COC(=O)[C@@H](N)CCCCN)cc2)cs1,Brecanavir,890.0,3.42,239.4,3,17,22,0.074,2,2,False,pass
cand_22r3s33as4r6ar233a456ahexahy_5,"[2-[(2R,3S)-3-[[(3aS,4R,6aR)-2,3,3a,4,5,6a-hexahydrofuro[2,3-b]furan-4-yl]oxycarbonylamino]-1-[1,3-benzodioxol-5-ylsulfonyl(2-methylpropyl)amino]-4-[4-[(2-methyl-1,3-thiazol-4-yl)methoxy]phenyl]butan-2-yl]oxy-2-oxoethyl] (2S)-2-amino-4-methylpentanoate",candidate,25173025,C41H54N4O13S2,875.0,Cc1nc(COc2ccc(C[C@H](NC(=O)O[C@H]3CO[C@H]4OCC[C@H]43)[C@@H](CN(CC(C)C)S(=O)(=O)c3ccc4c(c3)OCO4)OC(=O)COC(=O)[C@@H](N)CC(C)C)cc2)cs1,Brecanavir,875.0,4.33,213.4,2,16,20,0.119,2,2,False,pass
cand_22r3s33as4r6ar233a456ahexahy_6,"[2-[(2R,3S)-3-[[(3aS,4R,6aR)-2,3,3a,4,5,6a-hexahydrofuro[2,3-b]furan-4-yl]oxycarbonylamino]-1-[1,3-benzodioxol-5-ylsulfonyl(2-methylpropyl)amino]-4-[4-[(2-methyl-1,3-thiazol-4-yl)methoxy]phenyl]butan-2-yl]oxy-2-oxoethyl] 2-(methylamino)acetate",candidate,25173098,C38H48N4O13S2,832.9,CNCC(=O)OCC(=O)O[C@H](CN(CC(C)C)S(=O)(=O)c1ccc2c(c1)OCO2)[C@H](Cc1ccc(OCc2csc(C)n2)cc1)NC(=O)O[C@H]1CO[C@H]2OCC[C@H]21,Brecanavir,833.0,3.18,199.4,2,16,19,0.132,2,2,False,pass
cand_2r3s33as4r6ar233a456ahexahyd,"[(2R,3S)-3-[[(3aS,4R,6aR)-2,3,3a,4,5,6a-hexahydrofuro[2,3-b]furan-4-yl]oxycarbonylamino]-1-[1,3-benzodioxol-5-ylsulfonyl(2-methylpropyl)amino]-4-[4-[(2-methyl-1,3-thiazol-4-yl)methoxy]phenyl]butan-2-yl] 2-[2-[methyl-[(6-methyl-2-pyridinyl)methyl]amino]ethoxy]acetate",candidate,59776956,C45H57N5O12S2,924.1,Cc1cccc(CN(C)CCOCC(=O)O[C@H](CN(CC(C)C)S(=O)(=O)c2ccc3c(c2)OCO3)[C@H](Cc2ccc(OCc3csc(C)n3)cc2)NC(=O)O[C@H]2CO[C@H]3OCC[C@H]32)n1,Brecanavir,924.1,5.27,186.4,1,16,22,0.079,3,2,False,drop:size(MW=924.1)
cand_2r3s33as4r6ar233a456ahexahyd_2,"[(2R,3S)-3-[[(3aS,4R,6aR)-2,3,3a,4,5,6a-hexahydrofuro[2,3-b]furan-4-yl]oxycarbonylamino]-1-[1,3-benzodioxol-5-ylsulfonyl(2-methylpropyl)amino]-4-[4-[(2-methyl-1,3-thiazol-4-yl)methoxy]phenyl]butan-2-yl] 2-(diaminomethylideneamino)oxyacetate",candidate,171344022,C36H46N6O12S2,818.9,Cc1nc(COc2ccc(C[C@H](NC(=O)O[C@H]3CO[C@H]4OCC[C@H]43)[C@@H](CN(CC(C)C)S(=O)(=O)c3ccc4c(c3)OCO4)OC(=O)CON=C(N)N)cc2)cs1,Brecanavir,818.9,2.62,234.7,3,15,18,0.072,2,2,False,pass
cand_3as4r6ar233a456ahexahydrofur,"[(3aS,4R,6aR)-2,3,3a,4,5,6a-hexahydrofuro[2,3-b]furan-4-yl]-[(2S,3R)-4-[1,3-benzodioxol-5-ylsulfonyl(2-methylpropyl)amino]-3-hydroxy-1-[4-[(2-methyl-1,3-thiazol-4-yl)methoxy]phenyl]butan-2-yl]carbamic acid",candidate,57459448,C33H41N3O10S2,703.8,Cc1nc(COc2ccc(C[C@@H]([C@H](O)CN(CC(C)C)S(=O)(=O)c3ccc4c(c3)OCO4)N(C(=O)O)[C@H]3CO[C@H]4OCC[C@H]43)cc2)cs1,Brecanavir,703.8,4.12,157.2,2,11,14,0.249,2,2,False,pass
cand_cid_172918925,CID 172918925,candidate,172918925,C173H232F3N19O45S7,3579,Cc1nc(COc2ccc(C[C@H](NC(=O)O[C@H]3CO[C@H]4OCC[C@H]43)[C@H](N)CN(CC(C)C)S(=O)(=O)c3ccc4c(c3)OCO4)cc2)cs1,Brecanavir,702.9,3.83,160.8,2,12,14,0.251,2,2,False,pass
cand_2r3s33as4r6ar233a456ahexahyd_3,"[(2R,3S)-3-[[(3aS,4R,6aR)-2,3,3a,4,5,6a-hexahydrofuro[2,3-b]furan-4-yl]oxycarbonylamino]-1-[1,3-benzodioxol-5-ylsulfonyl(2-methylpropyl)amino]-4-[4-[(2-methyl-1,3-thiazol-4-yl)methoxy]phenyl]butan-2-yl] 2-(diaminomethylideneamino)acetate;tris(2,2,2-trifluoroacetic acid)",candidate,173150110,C42H49F9N6O17S2,1145.0,Cc1nc(COc2ccc(C[C@H](NC(=O)O[C@H]3CO[C@H]4OCC[C@H]43)[C@@H](CN(CC(C)C)S(=O)(=O)c3ccc4c(c3)OCO4)OC(=O)CN=C(N)N)cc2)cs1,Brecanavir,802.9,2.69,225.4,3,14,17,0.101,2,2,False,pass
cand_3r3as6arhexahydrofuro23bfura,"(3R,3aS,6aR)-hexahydrofuro[2,3-b]furan-3-yl [(2S,3R)-3-hydroxy-4-[{4-[(1S)-1-hydroxyethyl]benzene-1-sulfonyl}(2-methylpropyl)amino]-1-{4-[(2-methyl-1,3-thiazol-4-yl)methoxy]phenyl}butan-2-yl]carbamate",candidate,163183334,C34H45N3O9S2,703.9,Cc1nc(COc2ccc(C[C@H](NC(=O)O[C@H]3CO[C@H]4OCC[C@H]43)[C@H](O)CN(CC(C)C)S(=O)(=O)c3ccc([C@H](C)O)cc3)cc2)cs1,Brecanavir,703.9,4.19,156.8,3,11,15,0.21,2,2,False,pass
cand_tertbutyl_n2s3r413benzodioxo,"tert-butyl N-[(2S,3R)-4-[1,3-benzodioxol-5-ylsulfonyl(2-methylpropyl)amino]-3-hydroxy-1-[4-[(2-methyl-1,3-thiazol-4-yl)methoxy]phenyl]butan-2-yl]carbamate",candidate,11686059,C31H41N3O8S2,647.8,Cc1nc(COc2ccc(C[C@H](NC(=O)OC(C)(C)C)[C@H](O)CN(CC(C)C)S(=O)(=O)c3ccc4c(c3)OCO4)cc2)cs1,Brecanavir,647.8,4.9,136.5,2,10,13,0.265,1,1,False,pass
cand_n14s22dimethyl13oxazolidin4y,"N-[1-[(4S)-2,2-dimethyl-1,3-oxazolidin-4-yl]-2-[4-[(2-methyl-1,3-thiazol-4-yl)methoxy]phenyl]ethyl]-7-(2-methylpropyl)-1,3-benzodioxole-5-sulfonamide",candidate,20774128,C29H37N3O6S2,587.8,Cc1nc(COc2ccc(CC(NS(=O)(=O)c3cc(CC(C)C)c4c(c3)OCO4)[C@H]3COC(C)(C)N3)cc2)cs1,Brecanavir,587.8,4.57,108.0,2,9,11,0.336,1,1,False,pass
cand_22r3s33as4r6ar233a456ahexahy_7,"[2-[(2R,3S)-3-[[(3aS,4R,6aR)-2,3,3a,4,5,6a-hexahydrofuro[2,3-b]furan-4-yl]oxycarbonylamino]-1-[1,3-benzodioxol-5-ylsulfonyl(2-methylpropyl)amino]-4-[4-[(2-methyl-1,3-thiazol-4-yl)methoxy]phenyl]butan-2-yl]oxy-2-oxoethyl] 2-[2-(2-ethoxyethoxy)ethoxy]acetate",candidate,25172443,C43H57N3O16S2,936.1,CCOCCOCCOCC(=O)OCC(=O)O[C@H](CN(CC(C)C)S(=O)(=O)c1ccc2c(c1)OCO2)[C@H](Cc1ccc(OCc2csc(C)n2)cc1)NC(=O)O[C@H]1CO[C@H]2OCC[C@H]21,Brecanavir,936.1,4.03,215.0,1,18,26,0.068,2,2,False,drop:size(MW=936.1)
cand_2r3s33as4r6ar233a456ahexahyd_4,"[(2R,3S)-3-[[(3aS,4R,6aR)-2,3,3a,4,5,6a-hexahydrofuro[2,3-b]furan-4-yl]oxycarbonylamino]-1-[1,3-benzodioxol-5-ylsulfonyl(2-methylpropyl)amino]-4-[4-[(2-methyl-1,3-thiazol-4-yl)methoxy]phenyl]butan-2-yl] 2-[2-oxo-2-(thiophen-2-ylmethylamino)ethoxy]acetate",candidate,25172630,C42H50N4O13S3,915.1,Cc1nc(COc2ccc(C[C@H](NC(=O)O[C@H]3CO[C@H]4OCC[C@H]43)[C@@H](CN(CC(C)C)S(=O)(=O)c3ccc4c(c3)OCO4)OC(=O)COCC(=O)NCc3cccs3)cc2)cs1,Brecanavir,915.1,4.81,199.4,2,16,21,0.108,2,2,False,drop:size(MW=915.1)
cand_2r3s33as4r6ar233a456ahexahyd_5,"[(2R,3S)-3-[[(3aS,4R,6aR)-2,3,3a,4,5,6a-hexahydrofuro[2,3-b]furan-4-yl]oxycarbonylamino]-1-[1,3-benzodioxol-5-ylsulfonyl(2-methylpropyl)amino]-4-[4-[(2-methyl-1,3-thiazol-4-yl)methoxy]phenyl]butan-2-yl] 2-pyridin-1-ium-1-ylacetate",candidate,25173255,C40H47N4O11S2+,824.0,Cc1nc(COc2ccc(C[C@H](NC(=O)O[C@H]3CO[C@H]4OCC[C@H]43)[C@@H](CN(CC(C)C)S(=O)(=O)c3ccc4c(c3)OCO4)OC(=O)C[n+]3ccccc3)cc2)cs1,Brecanavir,824.0,4.4,164.9,1,13,17,0.118,2,2,False,pass
cand_3as4r6ar233a456ahexahydrofur_2,"[(3aS,4R,6aR)-2,3,3a,4,5,6a-hexahydrofuro[2,3-b]furan-4-yl] N-[(2S,3R)-4-[1-benzofuran-5-ylsulfonyl(2-methylpropyl)amino]-3-hydroxy-1-[4-[(2-methyl-1,3-thiazol-4-yl)methoxy]phenyl]butan-2-yl]carbamate",candidate,25191041,C34H41N3O9S2,699.8,Cc1nc(COc2ccc(C[C@H](NC(=O)O[C@H]3CO[C@H]4OCC[C@H]43)[C@H](O)CN(CC(C)C)S(=O)(=O)c3ccc4occc4c3)cc2)cs1,Brecanavir,699.8,4.88,149.7,2,11,14,0.186,2,2,False,pass
cand_1s1n2s2hydroxy21s2r2hydroxyi,"{(1S)-1-[N'-[(2S)-2-hydroxy-2-((1S,2R)-2-hydroxy-indan-1-ylcarbamoyl)-3-phenyl-propyl]-N'-[4-(pyridine-2-yl)-benzyl]-hydrazinocarbonyl]-2,2-dimethyl-propyl}-carbamic acid methyl ester",candidate,11650493,C39H45N5O6,679.8,COC(=O)N[C@H](C(=O)NN(Cc1ccc(-c2ccccn2)cc1)C[C@@](O)(Cc1ccccc1)C(=O)N[C@H]1c2ccccc2C[C@H]1O)C(C)(C)C,Indinavir,679.8,4.1,153.1,5,8,12,0.14,1,2,False,pass
cand_methyl_n1s12s2benzyl2hydroxy,"Methyl N-[(1S)-1-[[[(2S)-2-benzyl-2-hydroxy-3-[[(1S,2R)-2-hydroxyindan-1-yl]amino]-3-oxo-propyl]-[[4-(3-pyridyl)phenyl]methyl]amino]carbamoyl]-2,2-dimethyl-propyl]carbamate",candidate,11672001,C39H45N5O6,679.8,COC(=O)N[C@H](C(=O)NN(Cc1ccc(-c2cccnc2)cc1)C[C@@](O)(Cc1ccccc1)C(=O)N[C@H]1c2ccccc2C[C@H]1O)C(C)(C)C,Indinavir,679.8,4.1,153.1,5,8,12,0.14,1,2,False,pass
cand_52s2ntertbutylcarbamoyl4thio,"5-{(2S)-2-[N-(tert-Butyl)carbamoyl]-4-(thiopheno[3,2-d]thiophen-2-ylmethyl)piperazinyl}(4S,2R)-N-((1S,2R)-2-hydroxyindanyl)-4-hydroxy-2-(3-pyridylmethyl)pentanamide",candidate,5481051,C36H45N5O4S2,675.9,CC(C)(C)NC(=O)[C@@H]1CN(Cc2cc3ccsc3s2)CCN1C[C@@H](O)C[C@@H](Cc1cccnc1)C(=O)N[C@H]1c2ccccc2C[C@H]1O,Indinavir,675.9,4.14,118.0,4,9,11,0.189,1,1,False,pass
cand_2r4s2benzyl55r5benzyl2oxo3py,"(2R,4S)-2-benzyl-5-[(5R)-5-benzyl-2-oxo-3-(pyridin-4-ylmethyl)pyrrolidin-1-yl]-4-hydroxy-N-[(1S,2R)-2-hydroxy-2,3-dihydro-1H-inden-1-yl]pentanamide",candidate,23644612,C38H41N3O4,603.7,O=C(N[C@H]1c2ccccc2C[C@H]1O)[C@H](Cc1ccccc1)C[C@H](O)CN1C(=O)C(Cc2ccncc2)C[C@@H]1Cc1ccccc1,Indinavir,603.8,4.47,102.8,3,5,12,0.222,1,1,False,pass
cand_2s12s4s4benzyl2hydroxy51s2r2,"(2S)-1-[(2S,4S)-4-benzyl-2-hydroxy-5-[[(1S,2R)-2-hydroxy-2,3-dihydro-1H-inden-1-yl]imino]hexyl]-N-tert-butyl-4-(pyridin-3-ylmethyl)piperazine-2-carboxamide",candidate,91898377,C37H49N5O3,611.8,CC(=N[C@H]1c2ccccc2C[C@H]1O)[C@@H](Cc1ccccc1)C[C@H](O)CN1CCN(Cc2cccnc2)C[C@H]1C(=O)NC(C)(C)C,Indinavir,611.8,4.21,101.3,3,7,11,0.281,1,1,False,pass
cand_n2hydroxy1indanyl52tertiaryb,N-[2-Hydroxy-1-indanyl]-5-[(2-tertiarybutylaminocarbonyl)-4(3-pyridylmethyl)piperazino]-4-hydroxy-2-(1-phenylethyl)-pentanamide,candidate,5496641,C37H49N5O4,627.8,C[C@H](c1ccccc1)[C@H](C[C@H](O)CN1CCN(Cc2cccnc2)C[C@H]1C(=O)NC(C)(C)C)C(=O)N[C@H]1c2ccccc2C[C@H]1O,Indinavir,627.8,3.43,118.0,4,7,11,0.257,1,1,False,pass
cand_tertbutyl_n1s2s4r14dibenzyl2,"tert-butyl N-[(1S,2S,4R)-1,4-dibenzyl-2-hydroxy-5-[[(1S)-2-methyl-1-(3-pyridylmethylcarbamoyl)propyl]amino]-5-oxo-pentyl]carbamate",candidate,5479298,C35H46N4O5,602.8,CC(C)[C@H](NC(=O)[C@H](Cc1ccccc1)C[C@H](O)[C@H](Cc1ccccc1)NC(=O)OC(C)(C)C)C(=O)NCc1cccnc1,Indinavir,602.8,4.58,129.7,4,6,14,0.214,1,1,False,pass
cand_2r44aminopiperidin1yl2benzyl,"(2R)-4-(4-aminopiperidin-1-yl)-2-benzyl-N-[(2S)-1-[[(2S,3R,4S)-1-cyclohexyl-3,4-dihydroxy-6-pyridin-2-ylhexan-2-yl]amino]-1-oxopentan-2-yl]-4-oxobutanamide",candidate,15714121,C38H57N5O5,663.9,CCC[C@H](NC(=O)[C@@H](CC(=O)N1CCC(N)CC1)Cc1ccccc1)C(=O)N[C@@H](CC1CCCCC1)[C@@H](O)[C@@H](O)CCc1ccccn1,Indinavir,663.9,3.67,157.9,5,7,17,0.173,1,2,False,pass
cand_tertbutyl_n2s3s5r3hydroxy61r,"tert-butyl N-[(2S,3S,5R)-3-hydroxy-6-[[(1R,2R)-2-hydroxy-2,3-dihydro-1H-inden-1-yl]amino]-6-oxo-1-phenyl-5-(pyridin-4-ylmethyl)hexan-2-yl]carbamate",candidate,44333422,C32H39N3O5,545.7,CC(C)(C)OC(=O)N[C@@H](Cc1ccccc1)[C@@H](O)C[C@@H](Cc1ccncc1)C(=O)N[C@@H]1c2ccccc2C[C@H]1O,Indinavir,545.7,3.9,120.8,4,6,10,0.307,1,0,False,pass
cand_14benzyl2hydroxy52hydroxy23d,"1-[4-benzyl-2-hydroxy-5-[(2-hydroxy-2,3-dihydro-1H-inden-1-yl)amino]-5-oxopentyl]-N-tert-butyl-4-(thieno[2,3-b]pyridin-3-ylmethyl)piperazine-2-carboxamide",candidate,44341659,C38H47N5O4S,669.9,CC(C)(C)NC(=O)C1CN(Cc2csc3ncccc23)CCN1CC(O)CC(Cc1ccccc1)C(=O)NC1c2ccccc2CC1O,Indinavir,669.9,4.08,118.0,4,8,11,0.19,1,1,False,pass
cand_14benzyl2hydroxy52hydroxy23d_2,"1-[4-benzyl-2-hydroxy-5-[(2-hydroxy-2,3-dihydro-1H-inden-1-yl)amino]-5-oxopentyl]-N-tert-butyl-4-(thieno[2,3-b]pyridin-2-ylmethyl)piperazine-2-carboxamide",candidate,44341841,C38H47N5O4S,669.9,CC(C)(C)NC(=O)C1CN(Cc2cc3cccnc3s2)CCN1CC(O)CC(Cc1ccccc1)C(=O)NC1c2ccccc2CC1O,Indinavir,669.9,4.08,118.0,4,8,11,0.19,1,1,False,pass
cand_2s12s4r4benzyl2hydroxy52r2hy,"(2S)-1-[(2S,4R)-4-benzyl-2-hydroxy-5-[[(2R)-2-hydroxy-2,3-dihydro-1H-inden-1-yl]amino]-5-oxopentyl]-N-tert-butyl-4-[(2-methylsulfanyl-3-pyridinyl)methyl]piperazine-2-carboxamide",candidate,44341967,C37H49N5O4S,659.9,CSc1ncccc1CN1CCN(C[C@@H](O)C[C@@H](Cc2ccccc2)C(=O)NC2c3ccccc3C[C@H]2O)[C@H](C(=O)NC(C)(C)C)C1,Indinavir,659.9,3.59,118.0,4,8,12,0.218,1,1,False,pass
cand_2s12s4r4benzyl2hydroxy52r2hy_2,"(2S)-1-[(2S,4R)-4-benzyl-2-hydroxy-5-[[(2R)-2-hydroxy-2,3-dihydro-1H-inden-1-yl]amino]-5-oxopentyl]-N-tert-butyl-4-[(6-methyl-3-pyridinyl)methyl]piperazine-2-carboxamide",candidate,44342144,C37H49N5O4,627.8,Cc1ccc(CN2CCN(C[C@@H](O)C[C@@H](Cc3ccccc3)C(=O)NC3c4ccccc4C[C@H]3O)[C@H](C(=O)NC(C)(C)C)C2)cn1,Indinavir,627.8,3.18,118.0,4,7,11,0.258,1,1,False,pass
cand_2s12s4r4benzyl2hydroxy52r2hy_3,"(2S)-1-[(2S,4R)-4-benzyl-2-hydroxy-5-[[(2R)-2-hydroxy-2,3-dihydro-1H-inden-1-yl]amino]-5-oxopentyl]-N-tert-butyl-4-[(6-chloro-3-pyridinyl)methyl]piperazine-2-carboxamide",candidate,44342145,C36H46ClN5O4,648.2,CC(C)(C)NC(=O)[C@@H]1CN(Cc2ccc(Cl)nc2)CCN1C[C@@H](O)C[C@@H](Cc1ccccc1)C(=O)NC1c2ccccc2C[C@H]1O,Indinavir,648.2,3.52,118.0,4,7,11,0.235,1,1,False,pass
cand_2s12s4r4benzyl2hydroxy52r2hy_4,"(2S)-1-[(2S,4R)-4-benzyl-2-hydroxy-5-[[(2R)-2-hydroxy-2,3-dihydro-1H-inden-1-yl]amino]-5-oxopentyl]-N-tert-butyl-4-(2,3-dihydrofuro[2,3-b]pyridin-5-ylmethyl)piperazine-2-carboxamide",candidate,44342158,C38H49N5O5,655.8,CC(C)(C)NC(=O)[C@@H]1CN(Cc2cnc3c(c2)CCO3)CCN1C[C@@H](O)C[C@@H](Cc1ccccc1)C(=O)NC1c2ccccc2C[C@H]1O,Indinavir,655.8,2.8,127.3,4,8,11,0.249,1,1,False,pass
cand_2s12s4r4benzyl2hydroxy52r2hy_5,"(2S)-1-[(2S,4R)-4-benzyl-2-hydroxy-5-[[(2R)-2-hydroxy-2,3-dihydro-1H-inden-1-yl]amino]-5-oxopentyl]-N-tert-butyl-4-(quinolin-3-ylmethyl)piperazine-2-carboxamide",candidate,44342279,C40H49N5O4,663.8,CC(C)(C)NC(=O)[C@@H]1CN(Cc2cnc3ccccc3c2)CCN1C[C@@H](O)C[C@@H](Cc1ccccc1)C(=O)NC1c2ccccc2C[C@H]1O,Indinavir,663.9,4.02,118.0,4,7,11,0.192,1,1,False,pass
cand_2s12s4r4benzyl2hydroxy52r2hy_6,"(2S)-1-[(2S,4R)-4-benzyl-2-hydroxy-5-[[(2R)-2-hydroxy-2,3-dihydro-1H-inden-1-yl]amino]-5-oxopentyl]-N-tert-butyl-4-(pyridin-4-ylmethyl)piperazine-2-carboxamide",candidate,44343215,C36H47N5O4,613.8,CC(C)(C)NC(=O)[C@@H]1CN(Cc2ccncc2)CCN1C[C@@H](O)C[C@@H](Cc1ccccc1)C(=O)NC1c2ccccc2C[C@H]1O,Indinavir,613.8,2.87,118.0,4,7,11,0.263,1,1,False,pass
cand_2s12s4r4benzyl2hydroxy52r2hy_7,"(2S)-1-[(2S,4R)-4-benzyl-2-hydroxy-5-[[(2R)-2-hydroxy-2,3-dihydro-1H-inden-1-yl]amino]-5-oxopentyl]-N-tert-butyl-4-pyridin-3-ylsulfonylpiperazine-2-carboxamide",candidate,44343372,C35H45N5O6S,663.8,CC(C)(C)NC(=O)[C@@H]1CN(S(=O)(=O)c2cccnc2)CCN1C[C@@H](O)C[C@@H](Cc1ccccc1)C(=O)NC1c2ccccc2C[C@H]1O,Indinavir,663.8,2.06,152.2,4,8,11,0.243,1,2,False,pass
cand_2s12s4r4benzyl2hydroxy52r2hy_8,"(2S)-1-[(2S,4R)-4-benzyl-2-hydroxy-5-[[(2R)-2-hydroxy-2,3-dihydro-1H-inden-1-yl]amino]-5-oxopentyl]-N-tert-butyl-4-quinolin-8-ylsulfonylpiperazine-2-carboxamide",candidate,44343413,C39H47N5O6S,713.9,CC(C)(C)NC(=O)[C@@H]1CN(S(=O)(=O)c2cccc3cccnc23)CCN1C[C@@H](O)C[C@@H](Cc1ccccc1)C(=O)NC1c2ccccc2C[C@H]1O,Indinavir,713.9,3.21,152.2,4,8,11,0.185,1,2,False,pass
cand_2r4s2benzyl55r5benzyl2oxo3py_2,"(2R,4S)-2-benzyl-5-[(5R)-5-benzyl-2-oxo-3-(pyridin-3-ylmethyl)pyrrolidin-1-yl]-4-hydroxy-N-[(2R)-2-hydroxy-2,3-dihydro-1H-inden-1-yl]pentanamide",candidate,44395483,C38H41N3O4,603.7,O=C(NC1c2ccccc2C[C@H]1O)[C@H](Cc1ccccc1)C[C@H](O)CN1C(=O)C(Cc2cccnc2)C[C@@H]1Cc1ccccc1,Indinavir,603.8,4.47,102.8,3,5,12,0.222,1,1,False,pass
cand_52s43pyridylmethyl2n222trifl,"5-((2S)-4-(3-pyridylmethyl)-2-(N-(2,2,2-trifluoroethyl)carbamoyl)piperazinyl)(4S,2R)-N-((1S,2R)-2-hydroxyindanyl)-4-hydroxy-2-benzylpentanamide",candidate,5464652,C34H40F3N5O4,639.7,O=C(N[C@H]1c2ccccc2C[C@H]1O)[C@H](Cc1ccccc1)C[C@H](O)CN1CCN(Cc2cccnc2)C[C@H]1C(=O)NCC(F)(F)F,Indinavir,639.7,2.63,118.0,4,7,12,0.241,1,1,False,pass
cand_methyl_n1s12s2benzyl2hydroxy_2,"methyl N-[(1S)-1-[[[(2S)-2-benzyl-2-hydroxy-3-[[(1S,2R)-2-hydroxyindan-1-yl]amino]-3-oxo-propyl]-[[3-(2-pyridyl)phenyl]methyl]amino]carbamoyl]-2,2-dimethyl-propyl]carbamate",candidate,11527636,C39H45N5O6,679.8,COC(=O)N[C@H](C(=O)NN(Cc1cccc(-c2ccccn2)c1)C[C@@](O)(Cc1ccccc1)C(=O)N[C@H]1c2ccccc2C[C@H]1O)C(C)(C)C,Indinavir,679.8,4.1,153.1,5,8,12,0.14,1,2,False,pass
cand_methyl_n1s12s2benzyl2hydroxy_3,"Methyl N-[(1S)-1-[[[(2S)-2-benzyl-2-hydroxy-3-[[(1S,2R)-2-hydroxyindan-1-yl]amino]-3-oxo-propyl]-[[4-(4-pyridyl)phenyl]methyl]amino]carbamoyl]-2,2-dimethyl-propyl]carbamate",candidate,11571126,C39H45N5O6,679.8,COC(=O)N[C@H](C(=O)NN(Cc1ccc(-c2ccncc2)cc1)C[C@@](O)(Cc1ccccc1)C(=O)N[C@H]1c2ccccc2C[C@H]1O)C(C)(C)C,Indinavir,679.8,4.1,153.1,5,8,12,0.14,1,2,False,pass
cand_1s1n2s2hydroxy21s2r2hydroxyi_2,"{(1S)-1-[N'-[(2S)-2-Hydroxy-2-((1S,2R)-2-hydroxy-indan-1-ylcarbamoyl)-3-phenyl-propyl]-N'-(4-pyridin-3-ylethynyl-benzyl)-hydrazinocarbonyl]-2,2-dimethyl-propyl}-carbamic acid methyl ester",candidate,11672070,C41H45N5O6,703.8,COC(=O)N[C@H](C(=O)NN(Cc1ccc(C#Cc2cccnc2)cc1)C[C@@](O)(Cc1ccccc1)C(=O)N[C@H]1c2ccccc2C[C@H]1O)C(C)(C)C,Indinavir,703.8,3.83,153.1,5,8,11,0.117,1,2,False,pass
cand_methyl_n1s12s2benzyl2hydroxy_4,"methyl N-[(1S)-1-[[[(2S)-2-benzyl-2-hydroxy-3-[[(1S,2R)-2-hydroxyindan-1-yl]amino]-3-oxo-propyl]-[[3-(3-pyridyl)phenyl]methyl]amino]carbamoyl]-2,2-dimethyl-propyl]carbamate",candidate,11721694,C39H45N5O6,679.8,COC(=O)N[C@H](C(=O)NN(Cc1cccc(-c2cccnc2)c1)C[C@@](O)(Cc1ccccc1)C(=O)N[C@H]1c2ccccc2C[C@H]1O)C(C)(C)C,Indinavir,679.8,4.1,153.1,5,8,12,0.14,1,2,False,pass
cand_je2147,JE-2147,candidate,446837,C32H37N3O5S,575.7,Cc1ccccc1CNC(=O)[C@H]1N(C(=O)[C@@H](O)[C@H](Cc2ccccc2)NC(=O)c2cccc(O)c2C)CSC1(C)C,Nelfinavir,575.7,3.71,119.0,4,6,9,0.309,1,0,False,pass
cand_4r32s3s32ethyl3hydroxyphenyl,"(4R)-3-[(2S,3S)-3-[(2-ethyl-3-hydroxyphenyl)formamido]-2-hydroxy-4-phenylbutanoyl]-5,5-dimethyl-N-[(2-methylphenyl)methyl]-1,3-thiazolidine-4-carboxamide",candidate,473028,C33H39N3O5S,589.7,CCc1c(O)cccc1C(=O)N[C@@H](Cc1ccccc1)[C@H](O)C(=O)N1CSC(C)(C)[C@H]1C(=O)NCc1ccccc1C,Nelfinavir,589.8,3.96,119.0,4,6,10,0.284,1,0,False,pass
cand_3ar6s7as52r3r2hydroxy33hydro,"(3aR,6S,7aS)-5-[(2R,3R)-2-Hydroxy-3-(3-hydroxy-2-methyl-benzoylamino)-4-phenylsulfanyl-butyl]-octahydro-thieno[3,2-c]pyridine-6-carboxylic acid tert-butylamide",candidate,461245,C30H41N3O4S2,571.8,Cc1c(O)cccc1C(=O)N[C@@H](CSc1ccccc1)[C@H](O)CN1C[C@H]2CCS[C@H]2C[C@H]1C(=O)NC(C)(C)C,Nelfinavir,571.8,4.06,101.9,4,7,9,0.337,1,0,False,pass
cand_4thiazolidinecarboxamide_n11,"4-Thiazolidinecarboxamide, N-(1,1-dimethylethyl)-3-((2S,3S)-2-hydroxy-3-((3-hydroxy-2-methylbenzoyl)amino)-1-oxo-4-phenylbutyl)-5,5-dimethyl-,(4R)-",candidate,154072,C28H37N3O5S,527.7,Cc1c(O)cccc1C(=O)N[C@@H](Cc1ccccc1)[C@H](O)C(=O)N1CSC(C)(C)[C@H]1C(=O)NC(C)(C)C,Nelfinavir,527.7,3.0,119.0,4,6,7,0.44,1,0,False,pass
